sku;name;stock;sell_price;purchase_price;unit_weight;length;width;height;category_id
8991002101630;ABC KOPI SACH 31GR;0;1500;1135;gr;0;0;0;1
0711844120037;ABC SAMBAL ASLI 135ML BTL;34;7400;6325;gr;0;0;0;1
711844162402;ABC SARI K.HIJAU 200ML;0;3600;3200;gr;0;0;0;1
8997216870096;ABON SAPI CAP ASLI 250GR;6;85000;80000;g;0;18;23;2
8992772586016;ADEM SARI CAN SENSA 320ML;3;7000;5900;gr;0;0;0;1
8992770011169;AJINOMOTO 116GR;9;5200;4700;gr;0;0;0;1
200002;ALLANA DAGING FROZ 1KG;0;90000;80000;gr;0;0;0;1
8990800014227;ALPENLIEBE ECLAIRS BAG 126GR;2;0;0;gr;0;0;0;1
8991115004019;ALPENLIEBE STRAW BAG 112.5GR;2;0;0;gr;0;0;0;1
4902430516877;AMBI PUR AQUA 7.5ML SET;0;0;0;gr;0;0;0;1
4902430377379;AMBI PUR LAVEND REFF 2ML;5;0;0;gr;0;0;0;1
400037;ANNAFI KERIPIK JAMUR ORI 65GR;2;15600;13000;gr;0;14;20;2
400025;ANNAFI KERIPIK JAMUR PEDAS 65 GR;0;15600;13000;gr;0;0;0;1
400026;ANNAFI KERIPIK JAMUR S.PANGGANG 65 GR;2;15600;13000;gr;0;14;20;2
8886008101091;AQUA 1.5 L;0;0;0;gr;0;0;0;1
8886008101336;AQUA 330ML;42;2200;1800;gr;0;0;16.5;4
8886008101053;AQUA 600 ML;5;3000;1812;gr;0;0;23;4
38886008101047;AQUA GELAS 240ML 1DUS;0;0;0;gr;0;0;0;1
8991123160042;ARKA PREM BEEF SLICE 500GR;0;0;0;gr;0;0;0;1
8886001038028;ASTOR CHOCOLATE WAF.STIK 330GR;2;36500;30700;gr;0;0;18;6
8992727006910;ATTACK FRESH UP D.LILAC 680ML;2;18800;17900;gr;0;0;0;1
8992727006880;ATTACK FRESH UP S.BLOSSOM 680ML;0;18800;17900;gr;0;0;0;1
8992735248654;BAMBOE TOMYUM 60GR;34;0;0;gr;0;0;0;1
10009;BANDUNG REMSEU BATAGOR KERING;0;15000;12000;gr;0;0;0;1
10008;BANDUNG REMSEU K TEMPE SAGU;0;15000;12000;gr;0;0;0;1
10002;BANDUNG REMSEU KRIPIK CIRENG BAWANG;0;15000;12000;gr;0;0;0;1
10004;BANDUNG REMSEU KRIPIK KENTANG;0;20000;16000;gr;0;0;0;1
10010;BANDUNG REMSEU KRIPIK PIS MANIS;2;0;0;gr;0;0;0;1
10007;BANDUNG REMSEU KRIPIK PISANG;0;16500;13000;gr;0;0;0;1
10001;BANDUNG REMSEU MAKARONI ORI;0;15000;12000;gr;0;0;0;1
10011;BANDUNG REMSEU OPAK KETAN;2;0;0;gr;0;0;0;1
10006;BANDUNG REMSEU OPAK SINGKONG ORI;0;16500;13000;gr;0;19.5;25;2
10005;BANDUNG REMSEU OPAK SINGKONG PEDAS;0;16500;13000;gr;0;0;0;1
10003;BANDUNG REMSEU TELOR GABUS;4;15000;12000;gr;0;0;0;1
8990121011073;BANGO KECAP MANIS 135ML BTL;33;10600;9000;gr;0;0;0;1
8998899995922;BAYGON CHERRY BLOSSOM 600ML;11;41000;38900;gr;0;0;29;5
8996001354124;BENG BENG CHO 25GR;0;0;0;gr;0;0;0;1
200001;BERAS KITA KUNING 5 KG;4;57300;54500;gr;0;0;0;3
8994209000072;BERAS KITA PREMIUM 5 KG;3;62500;58500;gr;0;0;0;1
0010101;BERAS PAKET 2KG;0;0;0;gr;0;0;0;1
8996001318980;BETTER VANILLA 120GR;17;8200;7400;gr;0;0;0;6
8992727000383;BIORE B.FOAM PURE MILD 100ML BTL;0;10100;9150;gr;0;0;0;1
8995899250341;BON CABE ORI LV15 45GR;3;9900;8900;gr;0;0;0;1
8998009020186;BUAVITA JAMBU 250ML;0;7100;6500;gr;0;0;0;1
8998009020179;BUAVITA JERUK 250ML;0;7100;6500;gr;0;0;0;1
9556182023234;CADBURY DAIRY MILK 30 GR;0;8800;7600;gr;0;0;0;1
7622210681614;CADBURY DAIRY MILK C.NUT 30GR;0;8800;7600;gr;0;0;0;1
7622210640994;CADBURY DAIRY MILK C.NUT 62G;0;10600;9200;gr;0;0;0;1
8901233024271;CADBURY DAIRY OREO 40GR;0;13800;12000;gr;0;0;0;1
8901233024233;CADBURY DAIRY OREO 60GR;0;18900;16400;gr;0;0;0;1
7622210086679;CADBURY FRUIT NUT 30G;0;9600;8300;gr;0;0;0;1
9556182023258;CADBURY MILK CHOC 62GR;0;15000;13700;gr;0;0;0;1
400082;CAI KAUNG SALE PISANG;0;0;0;gr;0;0;0;1
8998009760693;CAMPINA BLUE CHOC CHUNK 700ML;0;0;0;gr;0;0;0;1
8998009972461;CAMPINA HULA HULA DURIAN CUP 90ML;0;0;0;gr;0;0;0;1
8995227500582;CAP PANDA GRASSJELLY 310ML;0;0;0;gr;0;0;0;1
8992832601161;CASABLANCA B.MIST AQUA 100ML;0;19100;17200;gr;0;0;0;1
8992832602168;CASABLANCA B.MIST DYNAMIC 100ML;1;19100;17200;gr;0;0;0;1
8992832602144;CASABLANCA B.MIST INTE 100ML;1;19100;17200;gr;0;0;0;1
00025;CEDEA STEAMBOAT 300 GR;25;0;0;gr;0;0;0;1
00028;CEDEA STEAMBOAT 500GR;9;0;0;gr;0;0;0;1
8991001302267;CERES MILK 90GR;4;11000;9400;gr;0;0;0;1
00015;CHAMP BURGER 315GR;7;19800;16000;gr;24;0;13;1
00026;CHAMP CHICK NUGGET 250GR;40;0;0;gr;0;0;0;1
8993189270338;CHARM B.FIT EX.MAX WG 10'S;0;7000;6350;gr;0;0;0;1
8993189381416;CHARM HERBAL ANSEPT 23CM 16'S;0;0;0;gr;0;0;0;1
8993189379970;CHARM P.LINER COOLFRESH 32'S;0;0;0;gr;0;0;0;1
8993189320378;CHARM S.PROT 26CM 14'S;0;0;0;gr;0;0;0;1
8993189230103;CHARM SAFE NIGHT 29CM 10'S;0;0;0;gr;0;0;0;1
8992964113709;CHARMI COTTON BUD 137 75'S;0;9200;8300;gr;0;0;0;1
8992964111330;CHARMI CUTTON BUD 133 100'S;0;9200;8300;gr;0;0;0;1
800003;CHEESE STIK POUCH;0;7000;6000;gr;0;0;0;1
400099;CHICKEN KATSU FROZENFOOD;0;0;0;gr;0;0;0;1
089686590043;CHIKI BALLS KEJU 55GR;0;0;0;gr;0;0;0;1
089686735000;CHIKI NET POTATO BBQ 65GR;0;6400;5300;gr;0;0;0;1
089686733006;CHIKI PUFFS KEJU 60GR;0;0;0;gr;0;0;0;1
089686723045;CHIKI TWIST A.PANGGANG 40GR;0;4000;3300;gr;0;0;0;1
089686723052;CHIKI TWIST A.PANGGANG 75GR;0;6700;6100;gr;0;0;0;1
089686723014;CHIKI TWIST JAGUNG BAKAR 40GR;0;4000;3300;gr;0;0;0;1
089686723021;CHIKI TWIST JAGUNG BAKAR 75GR;0;6700;6100;gr;0;0;0;1
089686732061;CHITATO LITE BBQ 68GR;0;11500;9600;gr;0;0;0;1
089686732030;CHITATO LITE R.LAUT 68 GR;0;11600;9700;gr;0;0;0;1
0089686598056;CHITATO S.PANGGANG 68 GR;10;13100;10500;g;18;23;0;6
8999005012021;CIP KORNED BEEF 198GR;1;23400;19900;g;5;0;6;3
8993989311699;CLASMILD 16'S;0;0;0;gr;0;0;0;1
8999999707835;CLOSE UP PD DEEP ACTION 65GR;4;7100;6400;gr;3;0;17;9
8992761002015;COCA COLA 390ML PET;0;4500;4100;gr;0;0;0;1
8992761145019;COCA COLA PET 250ML;0;3800;3500;gr;0;0;0;1
8998009710063;CONCERTO C.PASSION 110ML;12;8500;6182;gr;6;0;15;6
8998009710360;CONCERTO MIDI C.CREAMY 80ML;7;5000;3637;gr;5;0;14;6
8998009972379;CONCERTO MIDI S.CHUNK 80ML;17;5000;3637;gr;5;0;14;6
8998009972553;CONCERTO SUNDAE COKELAT;0;6000;5000;gr;0;0;8;6
600010;CUP KOPI;0;1000;0;gr;0;0;0;1
8850169519507;CUSSONS B.WIPES 50'S PURE&GNTLE;3;11600;9875;g;19;0;10;9
0000088820286;CUSSONS BB OIL MLD&GNTLE 100ML;2;28200;24000;gr;0;0;0;1
200004;DAGING AYAM 0.8KG;5;0;0;gr;0;0;0;1
200003;DAGING SAPI 1KG;8;120000;110000;kg;7;10;18;3
400061;DAPUR CIHUUYY M.BAWANG PTH 80 GR;2;20700;18000;gr;3.5;0;12;2
400062;DAPUR CIHUUYY M.CABAI HJ 80 GR;2;20700;18000;gr;0;0;12;2
400063;DAPUR CIHUUYY M.CABAI MRH 80GR;2;20700;18000;gr;3.5;0;12;2
400093;DAPURRASA B.CRISPY BALADO 50GR;3;0;0;gr;0;0;0;1
400092;DAPURRASA B.CRISPY BBQ 50GR;4;0;0;gr;0;0;0;1
400094;DAPURRASA B.CRISPY S.PANGGANG 50GR;3;0;0;gr;0;0;0;1
400088;DAPURRASA BAGOR BALADO 100GR;2;0;0;gr;0;0;0;1
400084;DAPURRASA BAGOR BALADO BTL 70GR;0;0;0;gr;0;0;0;1
400089;DAPURRASA BAGOR ORI 100GR;0;0;0;gr;0;0;0;1
400085;DAPURRASA BAGOR ORI BTL 70GR;0;0;0;gr;0;0;0;1
400090;DAPURRASA BAGOR S.PANGGANG 100GR;4;0;0;gr;0;0;0;1
400086;DAPURRASA BAGOR S.PANGGANG BTL 70GR;0;0;0;gr;0;0;0;1
400091;DAPURRASA BAGOR TERI PDS 100GR;2;0;0;gr;0;0;0;1
400087;DAPURRASA BAGOR TERI PDS BTL 70GR;0;0;0;gr;0;0;0;1
400095;DAPURRASA PASTA BWNG 100GR;5;0;0;gr;0;0;0;1
00003;DE ROTI DONAT UNYIL ORI CKLT 30;1;14000;12500;gr;16;0;16;1
00007;DE ROTI DONUT KENTANG ORI ISI 10;17;19500;17500;gr;35;24;0;1
00024;DE ROTI HOTDOG PREMIUM;0;0;0;gr;0;0;0;1
00010;DE ROTI PASTRY CAKE;15;20000;15035;gr;0;0;0;1
00009;DE ROTI R.BURGER ISI 6;0;17500;12125;gr;20;0;28;1
8991001243195;DELFI BAR BAR CHO 18GR;11;0;0;gr;0;0;0;1
8991001503114;DELFI CHA CHA MILK CHOCO 25/35G;0;4600;4000;gr;0;0;0;1
8991001503107;DELFI CHA CHA PEANUT WARNA 25/35G;0;4600;4000;gr;0;0;0;1
8991001501011;DELFI CHIC CHOC 50/55G;47;8500;7333;gr;0;0;0;1
8991001503213;DELFI MALTITOS CRUNCHY 40/45G;0;8100;7000;gr;0;0;0;1
8991001242273;DELFI TOP CHOCOLATE XL 38 GR;0;4100;3500;gr;0;0;0;1
8991001242631;DELFI TOP STRAWBERRY XL 38 GR;0;4100;3500;gr;0;0;0;1
8991001243041;DELFI TOP TRIPLE CHOC XL 38 GR;0;4100;3500;gr;0;0;0;1
8998888710543;DELMONTE EKS HOT 265ML BTL;18;10700;9700;gr;5;0;20;6
8998888710161;DELMONTE S.TOMAT 140ML BTL;10;6300;5400;gr;4;0;17;6
8993560026998;DETTOL BW COOL 800GR REFF;3;0;0;gr;0;0;0;1
8993560027001;DETTOL HW ORI 200ML REFF;0;0;0;gr;0;0;0;1
8993560027568;DETTOL HW RE-ENERGIZE 200ML REFF;1;0;0;gr;0;0;0;1
8993560027216;DETTOL HW SENSI 200ML REFF;0;0;0;gr;0;0;0;1
8993560022020;DETTOL LIQUID 95ML;2;23500;21200;gr;5;0;12;9
00002;DICHA BLOCK MOZZA CHEESE 200 GR;1;25000;22500;g;9.5;0;10;1
00018;DICHA NUGGET 500GR;4;0;0;gr;0;0;0;1
00005;DICHA NUGGET AYAM 250 GR;15;13000;9750;gr;22;0;17;1
00014;DICHA SAUS SAMBAL 250 GR;48;5300;4365;gr;0;0;0;1
00004;DICHA SOSBAK 12 SPR;3;25000;21850;gr;0;0;0;1
00017;DICHA SOSBAK ISI 7;46;0;0;gr;0;0;0;1
8991906101644;DJARUM COKLAT 12'S;1;15000;12850;g;1.5;5;8;8
8991906101019;DJARUM SUPER 12'S;0;20800;18580;gr;1.5;5;9;8
8991906101361;DJARUM SUPER MILD 20'S;0;29100;27700;gr;2;5;9;8
8999909028999;DJI SAM SOE S.PREMIUM 12'S;0;20200;18300;gr;1.5;6;9;8
8995077601422;DK K KORO ORI 65GR;0;0;0;gr;0;0;0;1
8995077602177;DK KACANG KORO BBQ 18GR;0;0;0;gr;0;0;0;1
0011747233033;DK KACANG KULIT 180GR;0;13300;10600;gr;0;0;0;1
011747233026;DK KACANG KULIT 75GR;13;8200;6800;g;14;19;0;6
8995077601330;DK KACANG POLONG ORI 18GR;22;0;0;gr;0;0;0;1
8995077600296;DK KACANG RASA BAWANG 75GR;0;9600;8400;g;9;10;0;6
8995077603075;DK KC KORO R.LAUT 18GR;23;1000;860;gr;11;10;0;6
8995077600906;DK KORO PEDAS 18GR;49;1000;860;gr;0;0;0;1
8995077600890;DK KOROKU ORI 18 GR;0;1000;825;gr;0;0;0;1
8995077602641;DK MIXED NUTS 18GR;0;0;0;gr;0;0;0;1
8995077601897;DK SUKRO BBQ 120GR;1;10000;8500;gr;0;0;0;1
8995077600166;DK SUKRO ORI 120GR;10;10000;8500;gr;0;0;0;1
8995077601057;DK SUKRO OVEN BAWANG 12GR;50;1000;850;gr;0;0;0;1
8995077602405;DK TIC TAC A.BAWANG 90 GR;45;7400;5900;gr;0;0;0;1
8995077600807;DK TICTAC PILUS ORI 90GR;9;6600;5500;gr;13;20;0;6
8995077603778;DK WAFER ROLL CHOCO 360 GR;1;30000;26200;gr;0;0;18;6
400003;DODOL SUSU COKELAT SUPER ISI 18;1;23800;19800;gr;9;16;0;2
400004;DODOL SUSU KOMBINASI SUPER ISI 18;5;23800;19800;gr;9;16;0;2
400005;DODOL SUSU ORIGINAL SUPER ISI 18;2;23800;19800;gr;9;16;0;2
011747234191;DOLPIN GARAM 500GR;3;7800;6650;gr;21;11;0;3
8999999005795;DOVE R.ON SILK DRY 40ML;1;25500;23000;g;0;0;11;9
4902430358583;DOWNY ANTI BAU REFF 650ML;5;0;0;gr;0;0;0;1
8992984910128;DUA BELIBIS SAUS CABE 135ML BTL;6;7500;6400;gr;0;0;0;1
8998127921709;DUNHILL FINE CUT MILD 16'S;0;26500;24100;gr;0;0;0;1
400096;EGGROLL FROZENFOOD 42PCS;0;0;0;gr;0;0;0;1
400097;EKADO FROZEN FOOD;0;0;0;gr;0;0;0;1
8996001603048;ENERGEN CEREAL K.IJO 5 x 35GR;0;9400;8500;gr;0;0;0;1
8996001440124;ENERGEN CEREAL VAN 5 x 32GR;0;10500;9550;gr;0;0;0;1
600005;ENERGEN SEDUH K.HIJAU;0;0;0;gr;0;0;0;1
600014;ENERGEN SEDUH VANILA;0;0;0;gr;0;0;0;1
08996001440124;ENERGEN VAN SACHET;0;0;0;gr;0;0;0;1
400031;EPTILU ANUM CABAI MERAH 45GR BTL;6;24000;20000;gr;0;0;9;2
400030;EPTILU CABAI KERING;1;34200;28500;gr;0;0;0;2
400036;EPTILU LEMON SLICE 125 GR;0;24000;20000;gr;0;0;0;1
8999168211323;ESSE CAFE 20'S;17;0;0;gr;0;0;0;1
8997032821418;ESSE CHANCE JUICY 20'S;0;0;0;gr;0;0;0;1
8994209001093;EUNAK BERAS PREMIUM 5 KG;5;63000;60000;kg;30;45;0;3
8992761145033;FANTA STRAW PET 250ML;0;3800;3500;gr;0;0;0;1
8992761002039;FANTA STRAW PET 390ML;0;4500;4100;gr;0;0;0;1
8998009971006;FANTASY APEL 55ML CAMPINA;18;2000;1500;gr;0;0;0;1
00020;FIESTA KARAGE 250GR;18;0;0;gr;0;0;0;1
00027;FIESTA NUGGET 250GR;39;0;0;gr;0;0;0;1
00019;FIESTA NUGGET DINO 500GR;0;0;0;gr;0;0;0;1
96091777;FISHERMAN FRIEND SPEARMINT 25GR;3;14600;13200;gr;0;0;0;1
50604159;FISHERMAN LEMON 25 GR;0;14600;13200;g;0;0;0;6
8992802063173;FITBAR CHOCO D 22GR;5;5000;4166;gr;5;14;0;6
8992802063012;FITBAR FRUITS 22GR;0;5400;4500;gr;0;0;0;1
8992802063302;FITBAR TIRAMISU 22GR;0;5400;4500;gr;0;0;0;1
8998866500708;Floridina orange pulpy 360 ml;0;2800;2450;gr;0;0;17;4
8992761122430;FRESTEA MADU 500ML;0;0;0;gr;0;0;0;1
8992761164478;FRESTEA MILKTEA BROWN S 250ML;0;7700;7000;gr;0;0;0;1
8992761166052;FRESTEA TEH MELATI 350ML;0;2900;2625;gr;0;0;0;4
8992753004010;FRIS FLAG PLAIN SKM 545GR;0;0;0;gr;0;0;0;1
8992753102204;FRIS.FLAG SKM COKELAT 370GR;3;0;0;gr;0;0;0;1
8992753101207;FRIS.FLAG SKM PUTIH 370GR;47;0;0;gr;0;0;0;1
8998009972416;FROZEN CAMPINA 55ML;27;4500;3273;gr;0;0;0;1
8992304016967;GARNIER MEN FF A.ACNE 50ML;3;18700;16900;gr;0;0;0;1
8992775002896;GARUDA C.POTATO BBQ 60GR;0;11500;9900;gr;0;0;0;1
8992775204009;GARUDA K.ATOM 115GR;3;10000;8400;gr;14;20;0;6
8992775110126;GARUDA K.KULIT 200GR;4;16900;14700;gr;0;0;0;1
8992775110157;GARUDA K.KULIT 60GR;0;5600;4900;gr;0;0;0;1
8992775212134;GARUDA K.TELUR 19GR;2;0;0;gr;0;0;0;1
8992775004289;GARUDA ROSTA JAGUNG BAKAR 100GR;2;10400;8700;gr;0;0;0;1
8992775305102;GERY SALUUT MALKIS KLP 105GR;6;0;0;gr;0;0;0;1
8992775315057;GERY SALUUT MALKIST COK 110GR;2;6700;5800;gr;0;0;0;1
8992775315095;GERY SALUUT MALKIST KEJU 110GR;13;6700;5800;gr;7;19;8;6
8851019210117;GLICO POCKY CHOC.FLAV 47GR;8;8500;7050;gr;8;15;0;6
8851019210223;GLICO POCKY MATCHA 33GR;0;8500;7050;gr;0;0;0;1
8851019230573;GLICO POCKY STRAW 21GR;8;4400;3650;gr;0;0;0;1
8851019210124;GLICO POCKY STRAW 45GR;15;0;0;gr;0;0;0;1
8998009972454;GO MANGO 70 ML;9;5000;4150;gr;0;19.5;2.5;6
8998866201841;GOLDA COFFEE 200ML;0;0;0;gr;0;0;0;1
8991002103238;GOOD DAY MOCCA 5x20GR;42;0;0;gr;0;0;0;1
8991002121089;GOOD DAY ORI CAPPUCCINO COFFEE 250ML BTL;2;5500;4900;gr;0;0;0;1
8991002121003;GOOD DAY TIRAMISU B COFFEE 250ML BTL;0;5500;4900;gr;0;0;14;4
8886015212261;GOOD TIME DOUB.CHOC 149 GR;2;27100;23500;gr;0;0;12;6
8991002103764;GOODDAY CAPPUCI GRANULE 5x25GR;0;0;0;gr;0;0;0;1
600015;GOODDAY CAPPUCINO SACHET;0;0;0;gr;0;0;0;1
8886015203115;GOODTIME DOUBLE C. 72GR;11;8500;7000;gr;0;0;0;1
8994755030325;GOODTIME DOUBLE CHOCO 16GR;0;0;0;gr;0;0;0;1
8994755030479;GOODTIME RAINBOW 72GR;2;8500;7000;gr;0;0;0;1
80001;GORENGAN;0;2000;1000;gr;0;0;0;1
8997015499566;GREEN VALLEY M&C ALFREDO 200GR;1;0;0;gr;0;0;0;1
8997015490204;GREEN VALLEY MAC & CHEESE 200GR;1;0;0;gr;0;0;0;1
8993351129587;GREENFIELDS CHOCOMALT MILK 200ML;69;0;0;gr;0;0;0;1
8993351129105;GREENFIELDS FRESH MILK 1 L;0;29000;25100;gr;0;0;0;1
14;GREENFIELDS UHT CHOC.M 1L;34;0;0;gr;0;0;0;1
15;GREENFIELDS UHT CHOCO.M 200ML;69;0;0;gr;0;0;0;1
12;GREENFIELDS UHT FULL.C 1L;46;0;0;gr;0;0;0;1
13;GREENFIELDS UHT FULL.C 200ML;69;0;0;gr;0;0;0;1
16;GREENFIELDS UHT STRAW 200ML;63;0;0;gr;0;0;0;1
8993351120409;GREENFIELDS Y.DRINK BLUEBERRY 250ML;0;8700;7304;gr;0;0;0;1
8993351120430;GREENFIELDS Y.DRINK LYCHEE 250ML;7;8700;7304;gr;0;0;0;1
8993351120423;GREENFIELDS Y.DRINK MANGO 250ML;0;8700;7304;gr;0;0;0;1
8993351120447;GREENFIELDS Y.DRINK MIXFRUIT 250ML;6;8700;7304;gr;0;0;0;1
8993351120485;GREENFIELDS Y.DRINK ORI 250ML;0;8700;7304;gr;0;0;0;1
8993351120416;GREENFIELDS Y.DRINK STRAW 250ML;13;8700;7304;gr;0;0;0;1
8993351120164;GREENFIELDS YOG BLUE 80GR POUCH;2;7900;6545;gr;0;0;0;1
8993351120102;GREENFIELDS YOG BLUEBERRY 125GR;0;9850;8343;gr;0;0;0;1
8993351120867;GREENFIELDS YOG M.BERRY 80GR POUCH;0;7900;6545;gr;0;0;0;1
8993351120201;GREENFIELDS YOG MANGO 125GR;0;13000;11121;gr;0;0;0;1
8993351120768;GREENFIELDS YOG MANGO 80GR POUCH;1;0;0;gr;0;0;0;1
8993351120003;GREENFIELDS YOG ORI 125GR;0;13000;11121;gr;0;0;0;1
8993351120362;GREENFIELDS YOG STRAW 80GR POUCH;0;7900;6545;gr;0;0;0;1
8997019580307;GREENSOFT FAC.TISSUE 200S x 2;6;0;0;gr;0;0;0;1
8998989100120;Gudang garam merah filter 12's;0;20800;18900;gr;0;0;0;1
8998989501125;GUDANG GARAM MRH 12'S;20;0;0;gr;0;0;0;1
400081;GULA AREN CAI KAUNG 500GR;0;0;0;gr;0;0;0;1
8995177102058;GULAKU KUNING 1KG;0;0;0;gr;0;0;0;1
8997218680327;GULAVIT 1KG;0;14500;14000;gr;0;0;0;1
400111;GUNUNG RAJA KOPI PREM 100GR;0;0;0;gr;0;0;0;1
400076;GUNUNG TILU B.HONEY R.BEAN 150GR;0;82500;75000;gr;10;0;19;2
400074;GUNUNG TILU KOPI BUBUK 100GR;0;38500;35000;gr;8;0;18;2
400075;GUNUNG TILU NATURAL R.BEAN 150GR;1;93500;85000;gr;10;0;19;2
400073;GUNUNG TILU PERMEN COFFEE CARAMEL;1;30000;25000;gr;8;18;0;2
4902430102254;H&S SHP CLEAN BALANCE 160ML;3;30100;27100;gr;4.5;0;16.5;9
4005800034473;HANSAPLAST DISNEY 10'S;0;0;0;gr;0;0;0;1
8999777761097;HANSAPLAST KAIN 10'S;0;0;0;gr;0;0;0;1
8993027121600;HAPPYTOS HIJAU 160 GR;0;12700;11500;gr;0;0;0;1
8993027164034;HAPPYTOS J.BAKAR 140GR;0;12900;10700;gr;0;0;0;1
8993027111601;HAPPYTOS MERAH 160 GR;0;10800;9700;gr;0;0;0;1
8998009720086;HEART STRAW CHOC VAN 85ML;2;5000;3637;gr;0;0;0;1
8998685013007;HEXOS BARLEY MINT 12.5GR;2;0;0;gr;0;0;0;1
8998685012000;HEXOS LEMON MINT 12.5GR;4;0;0;gr;0;0;0;1
8998685011003;HEXOS MINT 12.5GR;3;0;0;gr;0;0;0;1
400103;HOFLAND ARABICA HONEY 100GR;1;0;0;gr;0;0;0;1
400102;HOFLAND HOUSE BLEND ARA 100GR;0;0;0;gr;0;0;0;1
400101;HOFLAND ROBUSTA 100GR;2;0;0;gr;0;0;0;1
8998009720123;HULA HULA KACANG HIJAU 45ML;0;4000;2909;gr;0;0;0;1
8998009720635;HULA HULA KETAN HTM 45ML;13;4000;2909;gr;0;0;0;1
8997009781400;HYDRO COCO 1 LITER;7;22700;20700;gr;0;0;0;4
8992858527308;HYDRO COCO ORI 250 ML;0;6600;6000;gr;4.5;0;13;4
400108;IBU EMI MUSTOFA GURIH 125GR;0;0;0;gr;0;0;0;1
400115;ibu emi mustofa ori 125gr;0;0;0;gr;0;0;0;1
400107;IBU EMI MUSTOFA PEDAS 125GR;3;0;0;gr;0;0;0;1
400117;IBU EMI MUSTOFA TERI KACANG;2;0;0;gr;0;0;0;1
400116;ibu emi mustofa udang pedas 125gr;2;0;0;gr;0;0;0;1
400109;IBU ILOH ABON SAPI 80GR;0;0;0;gr;0;0;0;1
9311931024036;INDOCAFE C.MIX 3IN1 6x20GR;28;0;0;gr;0;0;0;1
089686041767;INDOMIE A.PANGGANG JUMBO 127GR;21;0;0;gr;0;0;0;1
0089686010015;INDOMIE AYAM BAWANG 69GR;31;2800;2320;gr;11.5;16;0;6
0089686010947;INDOMIE GORENG SPC 85GR;835;3000;2470;gr;11.5;16;0;6
089686010343;INDOMIE SOTO 70GR;13;0;0;gr;0;0;0;1
8993007003902;INDOMILK SKM 545GR POUCH;0;0;0;gr;0;0;0;1
8993007003919;INDOMILK SKM COK 545GR POUCH;2;0;0;gr;0;0;0;1
700002;INDOSARI KACANG BOGOR 100GR;0;0;0;gr;0;0;0;1
00106;J&C COOKIES;0;0;0;gr;0;0;0;1
00102;J&C COOKIES ALMOND COOKIES;0;0;0;gr;0;0;0;1
00107;J&C COOKIES CHOCO PINDEKAS;0;0;0;gr;0;0;0;1
00101;J&C COOKIES KASTENGEL;0;0;0;gr;0;0;0;1
00104;J&C COOKIES NASTAR;0;0;0;gr;0;0;0;1
00105;J&C COOKIES PUTRI SALJU KEJU;0;0;0;gr;0;0;0;1
00103;J&C COOKIES TRAY ISI 3;0;0;0;gr;0;0;0;1
089686606010;JETZ HOLLOW PAPRIKA 35GR;0;4500;4000;gr;0;0;0;1
9556006012093;Johnson b.wash top to toe 200 ml;0;21800;18500;gr;0;0;0;1
8997203820011;JUJUR M.GORENG 1 L POUCH;0;15000;14000;gr;0;0;0;1
400100;KACANG MIX UMKM;4;0;0;gr;0;0;0;1
000001;KANTONG KERESEK;0;200;0;gr;0;0;0;1
8993200348312;KANZLER SINGLES ORI 65GR;6;0;0;gr;0;0;0;1
8991002105584;KAPAL API SACH TNPA GULA 6.5 GR;200;0;0;gr;0;0;0;1
08991002105485;KAPAL API SACHET;0;0;0;gr;0;0;0;1
8991002105454;KAPAL API SPC 5X30GR;9;0;0;gr;0;0;0;1
8991002105485;KAPAL API SPC MIX 6X24GR;4;0;0;gr;0;0;0;1
8992717781001;KARA NATA DE COCO 1KG;0;0;0;gr;0;0;0;1
8992717900228;KARA NATA DE COCO 1KG EMBER;0;0;0;gr;0;0;0;1
8992717880186;KARA SANTAN 200 ML;7;10300;9300;gr;4.5;7.5;0;5
8997232250209;KAYI HONEY BUTTER CHIPS 75 GR;0;18000;0;gr;0;0;0;2
8997232250254;KAYI KOR.BULGOGI CHIPS 75 GR;0;18000;0;g;14;22;0;2
8997232250223;KAYI ORGANIC SEAWEED CHIPS 75 GR;0;18000;0;gr;0;0;0;1
8997232250216;KAYI SPICY KOREAN CHIPS 75 GR;0;18000;0;gr;0;0;0;1
8997232250247;KAYI SWEET CARAMEL CHIPS 75 GR;0;18000;0;gr;15.5;24;0;2
8997232250230;KAYI WASABI POTATO CHIPS 75 GR;0;18000;0;gr;0;0;0;1
8852756357547;KELLOGG'S BANANA 180GR;3;0;0;gr;0;0;0;1
8852756303056;KELLOG'S CORN FLAKES 150GR;0;23700;21300;gr;0;0;0;1
400114;KERIPIK TALUK;7;0;0;gr;0;0;0;1
400016;KERUPUK SUSU LEMBANG BALADO 75 GR;0;21600;18000;gr;0;0;0;1
400018;KERUPUK SUSU LEMBANG GARLIC 75 GR;1;21600;18000;gr;20;27;0;2
400017;KERUPUK SUSU LEMBANG KEJU 75 GR;0;21600;18000;gr;0;0;0;1
400019;KERUPUK SUSU LEMBANG ORI 75 GR;1;21600;18000;gr;20;27;0;2
8997206772065;KEWPIE WIJEN SANGRAI 200ML;4;39300;33400;gr;0;0;16;5
8991102900607;KIRANTI ORANGE 150ML;2;0;0;gr;0;0;0;1
8991102800020;KIRANTI ORI 150ML;0;0;0;gr;0;0;0;1
95502489;KIT KAT 2 F 17 GR;0;5200;4500;gr;0;0;0;1
8992779270109;KIT PROTECTANT 175ML;0;0;0;gr;0;0;0;1
8992779267901;KIT WASH&GLOW 720ML;0;0;0;gr;0;0;0;1
8992749770356;Klinpak alfoil 30cm x 8m;2;24900;19950;gr;0;0;0;1
8992749770325;KLINPAK CLINGWARP 38CMx37M;0;58700;49900;gr;0;0;0;1
8992984810114;KOEPOE LADA PTH BTL 85GR;5;23200;19750;gr;0;0;0;1
400035;KOFFIE TANDJOENG F.WASH MEDIUM 250 GR;1;0;0;gr;0;0;0;1
400032;KOFFIE TANDJOENG HONEY MEDIUM 250 GR;1;0;0;gr;0;0;0;1
400034;KOFFIE TANDJOENG NAT.MEDIUM 250 GR;0;0;0;gr;0;0;0;1
400033;KOFFIE TANDJOENG NAT.WINE MED 250 GR;0;0;0;gr;0;0;0;1
649626011016;KOKITA BMB N.GORENG HOT 60GR;1;6300;5700;gr;0;0;0;1
649626011023;KOKITA BMB N.GORENG MILD 60GR;0;6300;5700;gr;0;0;0;1
4800361002851;KOKO KRUNCH 170GR;0;0;0;gr;0;0;0;1
400079;KOPI BOEHOEN ARA WET BBK 100GR;1;0;0;gr;0;0;0;1
400078;KOPI BOEHOEN ARA WET BIJI 100GR;1;0;0;gr;0;0;0;1
400080;KOPI BOEHOEN ARA WINE BBK 100GR;1;0;0;gr;0;0;0;1
600016;KOPI KAPAL API SEDUH TANPA GULA;9;0;0;gr;0;0;0;1
600002;KOPI SEDUH ABC SUSU;0;3000;2000;gr;0;0;0;1
600012;KOPI SEDUH CREAMY LATTE;4;0;0;gr;0;0;0;1
600009;KOPI SEDUH GOOD DAY CAPPUCI GRANULE;5;4000;1490;gr;0;0;0;1
600007;KOPI SEDUH GOOD DAY MOCCA;2;3000;1100;gr;0;0;0;1
600006;KOPI SEDUH INDOCAFE COFFEEMIX;5;3000;2000;gr;0;0;0;1
600001;KOPI SEDUH KAPAL API SPC MIX;0;3000;2000;gr;0;0;0;1
600008;KOPI SEDUH LUWAK ORI;8;3000;1210;gr;0;0;0;1
600011;KOPI SEDUH TORA SUSU;0;4000;1750;gr;0;0;0;1
600003;KOPI SEDUH TORABIKA CAPPUCINO;0;4000;2500;gr;0;0;0;1
8996001600221;KOPIKO 78'C COFFEE LATTE 240ML;0;0;0;gr;0;0;0;1
8996001321188;KOPIKO COFFEE CANDY 32G;5;7200;6500;gr;0;0;0;1
8996001320051;KOPIKO COFFEE CANDY BAG 150GR;0;0;0;gr;0;0;0;1
8996001330470;KOPIKO SGR FREE COFFEE 32G;5;10600;9600;gr;0;0;0;1
4800060331009;KOTEX FRESH UNSCENTED 20'S;1;8500;7700;gr;6;9;0;9
7622300405588;KRAFT KEJUCAKE 16GR;0;2000;1750;gr;0;0;0;1
8992826112215;Kunci mas m.goreng 2 L pouch;0;28000;28000;gr;0;0;0;1
01001;KUTUS KUTUS 100ML;2;0;0;gr;0;0;0;1
8991906101101;L.A ICE 16'S;4;26000;23650;gr;0;0;0;1
8991906101071;L.A LIGHT MENTHOL 16'S;6;0;0;gr;0;0;0;1
8888900700006;LA FONTE BOL BEEF F 315GR;0;0;0;gr;0;0;0;1
8888900700037;LA FONTE BOL CHICK F 290GR;1;0;0;gr;0;0;0;1
8888900415009;LA FONTE SPAGHETTI 225GR;1;0;0;gr;0;0;0;1
8992933653212;LA PASTA CHEESE BOL 102GR;0;0;0;gr;0;0;0;1
8992933654219;LA PASTA H&S SAUCE 90GR;0;0;0;gr;0;0;0;1
8993176110098;LANG KAYU PUTIH 15ML;0;8000;7000;gr;0;0;0;1
8993176110067;LANG M KAYU PTH 120ML;3;0;0;gr;0;0;0;1
8993176110074;LANG MINYAK K PTH 60ML;0;0;0;gr;0;0;0;1
8994096220683;LARRIS KOREK GAS;28;2500;1925;gr;0;0;0;1
8992727004169;LAURIER MAXI WING RCG 10x1'S;0;4300;3850;gr;0;0;0;1
8992727004558;LAURIER RELAX.N 30CM WING;0;0;0;gr;0;0;0;1
8992727003087;LAURIER RELAX.N 35CM WING;0;0;0;gr;0;0;0;1
8992727002387;LAURIER RLX NT.W.GT 35CM 8'S;0;16500;15700;gr;0;0;0;1
6908594414019;LAURIER SSG DAY 10'S;0;0;0;gr;0;0;0;1
6908594414026;LAURIER SSG DAY 20'S;0;0;0;gr;0;0;0;1
8996001600399;LE MINERALE 1.5L;0;0;0;gr;0;0;0;1
8996001600375;LE MINERALE 330ML;21;0;0;gr;0;0;0;1
8996001600269;LE MINERALE 600 ML;7;3000;2300;gr;0;0;0;1
00021;LEZZA CHICKEN STRIPS 400GR;5;0;0;gr;0;0;0;1
00022;LEZZA CHICKEN WINGS H&S 400GR;4;0;0;gr;0;0;0;1
8999999515621;LIFEBUOY BW LMN 850ML REFF;1;0;0;gr;0;0;0;1
8999999515607;LIFEBUOY BW MILD 850ML REFF;1;0;0;gr;0;0;0;1
8999999515577;LIFEBUOY BW TOTAL 850ML REFF;1;0;0;gr;0;0;0;1
8992725910400;LISTERINE COOL MINT 100 ML;20;9500;8500;gr;0;0;0;1
8992725910417;LISTERINE FRESHBURST 100ML;17;0;0;gr;0;0;0;1
8991111153063;LISTERINE ZERO 100ML;10;0;0;gr;0;0;0;1
8997204400991;LONG GRAIN BERAS 2.5KG;0;0;0;gr;0;0;0;1
8990333160170;LOTTE XYLITOL GUM STR MINI;0;10000;8500;gr;0;0;0;1
8994171101289;LUWAK W.KOFFIE ORI 5x20GR;8;0;0;gr;0;0;0;1
8999999036492;Lux b.wash soft touch 100 ml btl;2;14800;13350;gr;4.5;0;14;9
0000001;MADU J&C;0;0;0;gr;0;0;0;1
8999909001909;MAGNUM FILTER BLACK 12'S;6;0;0;gr;0;0;0;1
8999909000711;MAGNUM MILD BLUE 16'S;11;0;0;gr;0;0;0;1
400112;MAKKAH TALAS KRIUK 100GR;0;0;0;gr;0;0;0;1
8998866182188;Mama lemon botol 750 ml;1;27600;56200;gr;0;0;0;1
8995102708232;MAMASUKA BON NORI SPC 30GR;0;11900;10700;gr;0;0;0;1
8995102708010;Mamasuka r. laut 4.5 gr;8;6500;4725;gr;0;0;0;1
8995102708164;MAMASUKA R.LAUT RS PEDAS;0;0;0;gr;0;0;0;1
8995102708102;MAMASUKA R.LAUT TELUR ASIN 4.5GR;0;0;0;gr;0;0;0;1
300004;MAMAYU KUE KASTENGEL;0;85000;77350;gr;0;0;0;1
300007;MAMAYU KUE LIDAH KUCING;0;0;0;gr;0;0;0;1
300005;MAMAYU KUE PUTRI SALJU;0;70000;63600;gr;0;0;0;1
300006;MAMAYU KUE SAGU KEJU;0;60000;54700;gr;0;0;0;1
300003;MAMAYU NASTAR KEJU;0;80000;72750;gr;0;0;0;1
8993189273032;Mamypoko pants ext.dry L30;1;64700;61500;gr;0;0;0;1
8993189273001;Mamypoko pants ext.dry M32;1;64700;61500;kg;21;37;0;9
8993189320767;Mamypoko wipes antiseptic 48's;4;12300;10500;gr;0;0;0;1
400024;MANG ALIT KERIPIK JAMUR BBQ 40 GR;0;12000;10000;gr;0;0;0;1
400022;MANG ALIT KERIPIK JAMUR ORI 40 GR;0;12000;10000;gr;0;0;0;1
400023;MANG ALIT KERIPIK JAMUR PEDAS 40 GR;0;12000;10000;gr;0;0;0;1
8994209000119;MANISKITA GULA 1 KG;4;13000;12500;gr;0;0;0;1
8999908060808;Marina hbl nat smt&gl 100 ml;0;4700;4300;gr;0;0;0;1
8998888110114;MARJAN BOUDOIN COCOPANDAN 460ML;6;0;0;gr;0;0;0;1
8998888112415;MARJAN BOUDOIN FRUITPUNCH 460ML;1;0;0;gr;0;0;0;1
8998888110817;MARJAN BOUDOIN LECI 460ML;1;0;0;gr;0;0;0;1
8998888110411;MARJAN BOUDOIN LEMON 460ML;0;0;0;gr;0;0;0;1
8998888172723;MARJAN SQUASH MANGO 450ML;0;0;0;gr;0;0;0;1
8998888170910;MARJAN SQUASH ORANGE 450ML;0;0;0;gr;0;0;0;1
76239878;MARLBORO GOLD 20'S;0;34000;30900;gr;0;0;0;1
76164217;MARLBORO MERAH 20'S;0;34000;30900;gr;0;0;0;1
00008;MASLAHAT BASO SPC 36 BTR KUNING;0;34000;31700;gr;15;27;0;1
00001;MASLAHAT BASO SUPER HIJAU 36;31;29500;27200;gr;15;27;0;1
00013;MASLAHAT BEEF SLICE 500GR;0;82500;71780;gr;0;0;0;1
9311931183146;Max creamer 50's x 3 gr;0;24600;23400;gr;0;0;0;1
089686729030;MAXICORN BBQ 150 GR;0;10600;9600;gr;0;0;0;1
089686729047;MAXICORN NC CHEESE 150 GR;0;10600;9600;gr;0;0;0;1
089686729023;MAXICORN R.JAGUNG BAKAR 160GR;0;10300;9000;gr;0;0;0;1
8990800006727;MENTOS ROLL ANGGUR 37 GR;2;3500;3000;gr;0;0;0;1
8990800012483;MENTOS ROLL RAINBOW 37 GR;0;4300;3700;gr;0;0;0;1
8990800100050;MENTOS ROLL SINGLE FRUIT 37 GR;1;4300;3700;gr;0;0;0;1
8990800100012;MENTOS ROLL SINGLE MINT 37 GR;0;4300;3700;gr;0;0;0;1
8992727006484;MERRIES PANTS S-40;1;0;0;gr;0;0;0;1
8994834004124;MIE GEMEZ AYAM KECAP 90GR;0;9200;8000;gr;0;0;0;1
8992696409057;MILO 3IN1 5X35GR;0;0;0;gr;0;0;0;1
8992696521797;MILO ACTIV GO 4x22GR;0;8700;7988;gr;0;0;0;1
600013;MILO SACHET;0;0;0;gr;0;0;0;1
600004;MILO SEDUH SACHET;0;4000;2000;gr;0;0;0;1
400105;MIMI TEA GREENTEA 100GR;4;0;0;gr;0;0;0;1
8992761164485;MINUTE MAID PULPY GRAPE 300ML;0;0;0;gr;0;0;0;1
8992761164447;MINUTE MAID PULPY GUAVA 300ML;0;0;0;gr;0;0;0;1
8992761166038;MINUTE MAID PULPY ORANGE 300ML;0;0;0;gr;0;0;0;1
8992745550532;MITU B.WIPES ANTISEPTIC 50'S;1;12100;10000;gr;0;0;0;1
8992745550525;MITU B.WIPES BLOSS B 50'S;2;7600;6650;gr;12;19;0;9
8992745550518;MITU B.WIPES SOFT CR PINK 40S'S;0;8900;7600;gr;11;19;0;9
8850389108048;MOGU MOGU MANGGA 320ML;4;8500;7700;gr;0;0;0;1
8850389108055;MOGU MOGU STROBERI 320ML;0;8500;7700;gr;0;0;0;1
8999999560713;Molto japanese peach 720 ml;0;26100;24800;gr;0;0;0;1
400113;MOTEKAR RENGGINANG OYEK;0;0;0;gr;0;0;0;1
8995151160944;MUST.RATU BERAS KENCUR 200ML;0;6100;5500;gr;0;0;0;1
8995151160975;MUST.RATU KUNIR ASAM 200ML;0;6100;5400;gr;0;0;0;1
8998009700163;MY CUP CHOCO STRAW 60ML;10;3000;2182;gr;0;0;0;1
00023;MYDIBEL SHOESTRING 1KG;19;0;0;gr;0;0;0;1
8994209000645;NANAS MADU BERAS 5 KG;0;49700;47250;gr;0;0;0;1
8998685021002;NANO NANO K.JERUK 12.5GR;0;0;0;gr;0;0;0;1
80002;NASI KUNING;0;10000;8000;gr;0;0;0;1
8998009760518;NEAPOLITAN 350ML;3;25000;17454;gr;0;0;0;1
8998009760167;NEAPOLITAN 700ML;1;35000;14727;gr;0;0;0;1
9556001288547;NESCAFE CAPPUCCINO 220ML CAN;1;6400;4800;gr;0;0;13;4
9556001288561;NESCAFE CARAMEL MACCH 220ML CAN;1;6400;4800;gr;0;0;13;4
8992696419162;NESCAFE CLASSIC SACH+BAG 60x2GR;4;32300;30700;gr;19;28;0;4
8992696522961;NESCAFE COFFEE CREAM 180ML;13;4700;4000;gr;3.5;5;11;4
8992696522886;NESCAFE FRENCH VANILLA 180ML;12;4200;3800;gr;0;0;0;1
9556001288592;NESCAFE LATTE 220 ML CAN;4;6400;5800;gr;0;0;0;4
9556001025272;NESCAFE LATTE 240 ML CAN;9;9500;7500;gr;0;0;13;4
9556001054005;NESCAFE MOCHA 240ML CAN;0;9500;8600;gr;0;0;0;1
9556001047175;NESCAFE ORIGINAL 240ML CAN;0;9500;7500;gr;0;0;13;4
8992696404441;NESTLE BEAR BRAND 189 ML CAN;131;9800;8900;gr;0;0;10;4
5900020028747;NESTLE KOKO KRUNCH BAR 25GR;0;7100;6400;gr;0;0;0;1
4800361356367;NESTLE KOKO KRUNCH DUO 330GR;1;50000;47500;gr;0;0;0;1
5900020029348;NESTLE MILO CEREAL BARS 23.5G;0;7500;6400;gr;0;0;0;1
8993175540797;NEXTAR CHOCO D 106GR;39;8200;6800;gr;5;7;17;6
8993175538947;NEXTAR PINEAPPLE 96GR;35;8200;6800;gr;0;0;0;1
8888166996083;NISSIN KELAPA IJO 280GR;21;9300;7800;gr;0;0;0;1
8888166609365;NISSIN LEMONIA COKELAT 130GR;0;7000;5800;gr;0;0;0;1
8888166330306;NISSIN LEMONIA RS LEMON 130 GR;134;9500;8508;gr;0;0;0;1
8888166341036;NISSIN SAGU KEJU 110GR;1;12000;10400;gr;0;0;0;1
8888166336605;NISSIN WAFER CHOC 145GR;0;0;0;gr;0;0;0;1
300001;NOGA SUUK EYANG 250 GR;0;31700;27500;gr;0;0;0;1
300002;NOGA SUUK EYANG 500 GR;0;63300;55000;gr;0;0;0;1
6920238081012;NONG SHIM MUSHROOM CUP 72GR;0;14200;13500;gr;0;0;0;1
8992388101054;NU GREEN TEA LESS SGR 450ML;0;5300;4800;gr;0;0;0;1
8992388101092;NU GREEN TEA MADU 330ML;0;3900;3500;gr;0;0;0;1
80051671;NUTELLA SPREAD 200GR;1;43900;39900;gr;0;0;0;1
8991002350304;OATBITS CHO BANANA 110GR;1;6300;5500;gr;0;0;0;1
8991002312111;OATBITS RAISIN 110GR;0;6300;5500;gr;0;0;0;1
8997004302518;OISHI CHOC POPCORN 100GR;0;0;0;gr;0;0;0;1
8997004301108;OISHI PILLOW CHOC 100GR;3;0;0;gr;0;0;0;1
8997004301245;OISHI PILLOW UBI 100GR;2;0;0;gr;0;0;0;1
8997004301429;OISHI SPONGE CHOC 100GR;3;0;0;gr;0;0;0;1
8998009700057;OLYMPIA CHOCO FUDGE 80ML;5;0;0;gr;0;0;0;1
8998009972539;ORANGE PLUS 55ML CAMPINA;19;2500;1819;gr;0;0;0;1
8992760221028;OREO ORIGINAL 123.5GR;29;8100;6792;gr;0;0;0;1
8993099996571;PAGODA PASTILES LIQUORICE 20 GR;3;8800;8000;gr;0;0;0;1
8993099132979;PAGODA PASTILLES MINT 20 GR;6;7800;7000;gr;0;0;1.5;6
6194008630025;PALMFRUTT KURMA 250GR;0;0;0;gr;0;0;0;1
400358550002;PALMFRUTT KURMA 500GR;0;0;0;gr;0;0;0;1
8992628650151;PALMIA ROYAL MARGARIN 200GR;2;8700;7875;gr;15;14.5;0;3
4902430401012;PANTENE SHP A.DANDRUFF 290ML;2;44800;42600;gr;0;0;0;1
8993053651027;Paseo b.wipes chamo 10's;10;18500;16675;gr;0;0;0;1
8993053211009;PASEO BATH EMB 4R 300'S;10;0;0;gr;0;0;0;1
8993053211023;PASEO BATHROOM 4R 300'S;0;22800;20800;gr;0;0;0;1
8993053411010;PASEO KITCHEN 3 ROLL;3;0;0;gr;0;0;0;1
400050;PENGKOLAN NYI EMOK;0;15000;10000;gr;0;0;0;1
8999999710873;Pepsodent pg herbal 120 gr;1;12400;11800;gr;3.5;17;0;9
8993539322977;PERFECT 1 L;0;8800;8000;gr;0;0;0;1
400006;PERMEN SUSU LEMBANG CAPPUCINO;1;23800;19800;gr;14;0;24;2
400007;PERMEN SUSU LEMBANG JAHE;1;23800;19800;gr;0;0;0;2
400008;PERMEN SUSU LEMBANG KOMBINASI;1;23800;19800;gr;14;0;24;2
400009;PERMEN SUSU LEMBANG MOCCA;5;23800;19800;gr;14;0;24;2
400010;PERMEN SUSU LEMBANG ORIGINAL;1;23800;19800;gr;14;0;24;2
400002;PIE SUSU ORI SUPER ISI 8;0;32500;27000;gr;0;0;0;1
8997035563544;POCARI SWEAT PET 350ML;23;6000;5500;gr;0;0;0;1
8997035563414;POCARI SWEAT PET 500ML;8;0;0;gr;0;0;0;1
8851019210292;POCKY COOKIES&CREAM 40GR;7;0;0;gr;0;0;0;1
089686060744;POP MIE CUP GORENG SPC 80GR;0;4800;4300;gr;0;0;0;1
089686060461;POP MIE CUP K.AYAM 75 GR;0;4400;3940;gr;0;0;0;1
089686067002;POP MIE CUP PEDES DOWER 75GR;0;5200;4700;gr;0;0;0;1
089686060027;POP MIE CUP R.AYAM 75 GR;30;4400;3900;gr;0;0;0;1
089686060126;POP MIE CUP RASA BASO 75 GR;4;4400;3900;gr;0;0;0;1
089686060362;POP MIE CUP SOTO AYAM 77 GR;13;4400;4100;gr;0;0;0;1
089686061024;POP MIE MINI A.BAWANG 40 GR;2;3200;2900;gr;0;0;0;1
089686061123;POP MIE MINI BS SAPI 38GR;0;3200;2900;gr;0;0;0;1
089686061079;POP MIE MINI SOTO 39GR;11;3200;2900;gr;0;0;0;1
9556174802236;Quaker instan oat 200 gr;1;13900;12500;gr;0;0;0;1
8997015030011;RAJA GULA 1 KG;0;0;0;gr;0;0;0;1
00016;RAJAWALI DIMSUM;29;26500;23000;gr;0;0;0;1
00006;RAJAWALI MINIPAO ISI 32;12;16000;13500;gr;21;27;0;1
00012;RAJAWALI SOSBAK ISI 12;12;25000;22310;gr;29;19;0;1
00011;RAJAWALI SOSBAK ISI 7;16;25000;22310;gr;0;0;0;1
1841418192001;RD BEEF SLICE SUKI 500GR;17;0;0;gr;0;0;0;1
8993039242843;REGAL CHOCO MARIE BELGIAN C 96GR;0;14900;13000;gr;0;0;0;1
8993039242539;REGAL MARIE DUO COKLAT 100 GR;18;6000;5300;gr;0;0;0;1
8993039242614;REGAL MARIE DUO PEANUT 100 GR;0;6000;5300;gr;0;0;0;1
8991002304413;RELAXA GRAPE MINT BAG 125GR;0;0;0;gr;0;0;0;1
400020;REMPEYEK SUSU K.HIJAU 175 GR;0;23800;19800;gr;0;0;0;1
400021;REMPEYEK SUSU K.TANAH 175 GR;0;23800;19800;gr;0;0;0;1
8991657000180;RESTO M.GORENG 1 LTR;275;0;0;gr;0;0;0;1
8991657000197;RESTO M.GORENG 2 LTR;0;0;0;gr;0;0;0;1
8999999049447;Rexona wmn ro advanc wht 45 ml;1;21400;19300;gr;0;0;0;1
8993175537285;RICHEESE NABATI WAF KEJU 127 GR;3;7000;6083;gr;0;0;0;1
8999999045265;Rinso det. Molto ultra 770 gr;1;33200;29900;gr;18;28;0;5
8996001302248;ROMA BISC SARI GANDUM 149GR;1;7000;5800;gr;9;20;0;6
8996001302637;ROMA MALKIST COKELAT 105GR;6;6600;5583;gr;0;0;0;1
8996001302026;Roma malkist cracker 135 gr;33;5000;4300;gr;0;0;0;6
8996001312605;ROMA MALKIST KEJU TABUR 12 x 11GR;2;13500;10333;gr;0;0;0;1
8996001304990;ROMA SARI GANDUM COKLAT 115GR;22;7000;5375;gr;0;0;0;1
8996001305003;ROMA SARI GANDUM PEANUT 115GR;1;7000;5800;gr;0;0;0;1
8996001301142;ROMA SARI KELAPA 300GR;24;8400;7200;gr;0;0;0;1
8993093665497;ROSE BRAND GULA PTH 1 KG;33;14500;14000;kg;15;24;0;3
8993093665480;ROSEBRAND GULA PUTIH PREMIUM 1KG;9;14500;14000;kg;14;23;0;3
8999999516208;Royco r. ayam 230 gr;8;8900;8050;gr;12.5;19;0;3
8999999516215;Royco r. sapi 230 gr;12;8900;8050;gr;12.5;19;0;3
8995102800592;SAFE CARE EUCA ARO R.ON 5ML;16;0;0;gr;0;0;0;1
8995102800561;SAFE CARE R.ON 5 ML;6;10000;8700;gr;0;0;0;1
700001;SALE PISANG QIQEN;0;30000;25000;gr;0;0;0;1
400054;SAMBEL CIHUUYY S.BAJAK 100GR;0;26500;23000;gr;0;0;0;2
400056;SAMBEL CIHUUYY S.CUMI 180GR;0;42500;38500;gr;0;0;0;1
400057;SAMBEL CIHUUYY S.JENGKOL 100 GR;0;29700;27000;gr;0;0;0;2
400058;SAMBEL CIHUUYY S.PEUTEUY 100GR;0;29700;27000;gr;0;0;0;2
400059;SAMBEL CIHUUYY S.PEUTEUY 180GR;0;42500;38500;gr;0;0;0;1
400055;SAMBEL CIHUUYY S.TERI 180GR;0;42500;38500;gr;0;0;0;1
400060;SAMBEL CIHUUYY S.UDANG T.ASIN 100GR;0;40700;37000;gr;0;0;0;2
8999909096004;SAMPOERNA MILD 16'S;0;27500;25150;gr;0;0;0;1
8801073113343;SAMYANG CHEESE C.RAMEN 140GR;2;22000;20200;gr;0;0;0;1
8801073110502;SAMYANG M.GORENG HOT C.RAMEN 140GR;3;20300;18400;gr;0;0;0;1
8992770096135;SAORI SAUS TIRAM 275ML BTL;11;22000;18700;gr;0;0;19.5;3
8992907952242;SARIROTI CHIFFON COKELAT 51GR;0;4500;4100;gr;0;0;0;1
8992907952150;SARIROTI CHIFFON PANDAN 51GR;0;4500;4100;gr;0;0;0;1
8992907952549;SARIROTI DORAYAKI COKELAT 55GR;0;5000;4500;gr;0;0;0;1
8992907150044;SARIROTI GANDUM 350GR;0;0;0;gr;0;0;0;1
8992907780012;SARIROTI KASUR KEJU 174GR;0;0;0;gr;0;0;0;1
8992907996321;SARIROTI KASUR KRIM MESES 185GR;0;11000;9800;gr;0;0;0;6
8992907760014;SARIROTI KASUR SUSU 162 GR;0;10000;9100;gr;0;0;0;1
8992907420017;SARIROTI KRIM COKELAT 66GR;0;5500;5000;gr;0;0;0;1
8992907450014;SARIROTI KRIM COKELAT VANILA 66GR;0;5500;4998;gr;0;0;0;1
8992907952143;SARIROTI KRIM KEJU 66GR;0;5500;5000;gr;0;0;0;1
8992907996314;SARIROTI KRIM MESES 55GR;0;4000;3650;gr;0;0;0;1
8992907952327;SARIROTI SANDWICH COKELAT 46GR;0;5000;4550;gr;0;0;0;1
8992907952334;SARIROTI SANDWICH KEJU 46GR;0;5000;4550;gr;0;0;0;1
8992907710019;SARIROTI SOBEK COKELAT BLAST 214GR;0;17000;15500;gr;0;0;0;1
8992907720018;SARIROTI SOBEK COKELAT KEJU 214GR;0;17000;15450;gr;0;0;0;1
8992907110017;SARIROTI TAWAR 370 GR;0;14000;12700;gr;0;0;0;1
8992907952631;SARIROTI TAWAR DOUBLESOFT 370GR;0;0;0;gr;0;0;0;1
8992907952136;SARIROTI TAWAR KUPAS 200GR;0;0;0;gr;0;0;0;1
8999999195656;SARIWANGI TEH CELUP ISI 50'BAG;3;0;0;gr;0;0;0;1
8992736010168;SASA PIS.GORENG 75GR;20;2600;2240;gr;0;0;0;1
8992736925134;SASA SERBAGUNA ORI 225GR;8;5900;5400;gr;14;14;0;3
8998866200851;SEDAAP CUP BASO S 77GR;0;0;0;gr;0;0;0;1
8998866202404;SEDAAP CUP KOR.S CHICKEN 81GR;0;4500;4100;gr;0;0;0;6
8998866202671;SEDAAP CUP KOR.S SOUP 75GR;0;5000;4500;gr;0;0;0;6
8998866200813;SEDAAP CUP MI GORENG 85 GR;0;4800;3940;gr;0;0;0;6
8998866202930;SEDAAP CUP RAWIT A.JERIT 75GR;0;4500;4000;gr;0;0;0;6
8998866202619;Sedaap mie korean s . 77 gr;46;2600;2450;gr;10;13;0;6
8998866202343;Sedaap mie korean spcy ckn 87 gr;48;2600;2450;gr;10;13;0;6
8993296201119;SEGITIGA BIRU 1KG;25;0;0;gr;0;0;0;1
8991038110354;SELECTION KAPAS 35GR;7;5700;5100;gr;5;12;13.5;9
400001;SERBA S.LEMBANG RENGGINANG UDANG KCL;0;29700;24750;gr;0;0;0;1
8888166603462;SERENA TOGO CHOCOLATE 128GR;0;0;0;gr;0;0;0;1
8888166606890;SERENA TOGO PEANUT 128GR;1;0;0;gr;0;0;0;1
8998989300155;SIGNATURE GG 12'S;3;0;0;gr;0;0;0;1
8991001111296;SILVER QUEEN ALMOND 28/30G;1;7900;7500;gr;0;0;0;1
8991001121400;SILVER QUEEN ALMOND 62/65G;7;14700;14000;gr;0;0;0;1
8991001111807;SILVER QUEEN BITES ALMOND 35/40G;0;9800;8500;gr;0;0;0;1
8991001111791;SILVER QUEEN BITES C.DARK 35/40G;0;9800;8500;gr;0;0;0;1
8991001111609;SILVER QUEEN BITES M.CHOCO 35/40GR;0;9800;8500;gr;0;0;0;1
8991001111289;SILVER QUEEN CASHEW 28/30G;9;7900;7500;gr;3;13;0;6
8991001111777;SILVER QUEEN CHUNKY ALMOND 95GR;0;23600;21500;gr;0;0;0;1
8991001111883;SILVER QUEEN CHUNKY BAR 33 GR;0;8900;7500;gr;0;0;0;1
8991001111647;SILVER QUEEN CHUNKY CASHEW 95 GR;0;23600;21500;gr;0;0;0;1
8991001111715;SILVER QUEEN CHUNKY DARK.C 95GR;0;23600;21500;gr;0;0;0;1
8991001111869;SILVER QUEEN CHUNKY K.JERUK 95GR;0;23600;21500;gr;0;0;0;1
8991001111692;SILVER QUEEN CRISPY 57GR;1;15500;14000;gr;0;0;0;1
8991001121370;SILVER QUEEN DARK CHOC 62GR;7;0;0;gr;0;0;0;1
8991001111319;SILVER QUEEN FRUIT&NUT 28/30G;0;6600;5700;gr;0;0;0;1
8991001121455;SILVER QUEEN FRUIT&NUT 62GR;0;0;0;gr;0;0;0;1
8991001112903;SILVER QUEEN G.TEA MATCHA 28GR;8;9400;8500;gr;0;0;0;1
8991001121615;SILVER QUEEN M.CHOCO CASHEWS 62 GR;19;14700;14000;gr;0;0;0;1
8991001111937;SILVER QUEEN ROCKR 22 GR;27;4600;3652;gr;0;0;0;1
400065;SIPETEK C.IKAN BBQ 50 GR;3;12000;10000;gr;9;19;0;2
400067;SIPETEK C.IKAN KEJU 50 GR;2;12000;10000;gr;9;19;0;2
400064;SIPETEK C.IKAN ORI 50 GR;0;12000;10000;gr;0;0;0;1
400066;SIPETEK C.IKAN PEDAS 50 GR;0;12000;10000;gr;0;0;0;1
400068;SIPETEK C.IKAN RENDANG 50 GR;0;12000;10000;gr;0;0;0;1
400072;SIPETEK LAUK K ABON I TUNA 30GR;1;12000;10000;gr;9;19;0;2
400069;SIPETEK LAUK K TERI KENT. 30 GR;0;12000;10000;gr;9;19;0;2
400071;SIPETEK LAUK K. S TBR UDANG REB 30GR;2;12000;10000;g;9;19;0;2
400070;SIPETEK LAUK K. UDANG REB KENT 30GR;3;12000;10000;g;9;19;0;2
6922877792724;SKIPPY CHUNGKY PEANUT SPREAD 340GR;2;61000;54900;gr;0;0;0;1
6922877792694;SKIPPY JAM CREAMY PEANUT BTR 340GR;1;61000;54900;gr;0;0;0;1
400083;SKSD MORING;0;0;0;gr;0;0;0;1
00029;SO GOOD NUGGGET ORI 400GR;7;0;0;gr;0;0;0;1
8998866608992;SO KLIN LIQ AB 750ML REFF;1;0;0;gr;0;0;0;1
8998866618649;SO KLIN LIQ KOR CAMELIA 825ML REFF;1;0;0;gr;0;0;0;1
8998866612210;SO KLIN LIQ SAKURA STRAW 750ML;4;0;0;gr;0;0;0;1
8998866805353;SO KLIN LIQ SCAR BLOSS 825ML REFF;1;0;0;gr;0;0;0;1
8998866609180;SO KLIN LIQ SOFT 750ML REFF;0;0;0;gr;0;0;0;1
8998866803649;SO KLIN LIQ V.BLOSSOM 750ML REFF;0;0;0;gr;0;0;0;1
8998866808859;SO KLIN LIQ W&B 750ML REFF;1;0;0;gr;0;0;0;1
8993110000171;SO NICE SOSIS A SIAP MKN 75GR;0;7100;6500;gr;0;0;0;1
8993110000188;SO NICE SOSIS S SIAP MKN 75GR;0;8200;7500;gr;0;0;0;1
8992772215015;Soffel bunga geranium 80 gr btl;1;9400;8500;gr;0;0;0;1
8992959971109;SOFTEX C.SLIM 36CM 12'S;0;0;0;gr;0;0;0;1
8998866659574;Soklin soft. Pink pouch 900 ml;1;11300;10200;gr;0;0;0;1
8999908264107;Sos karbol classic.p pouch 750 ml;1;11900;11300;gr;15;26;0;5
8999908678003;Sos p.lantai sereh pouch 700 ml;0;11800;11200;gr;0;0;0;1
8886007821242;SOSRO T.CELUP BLACKTEA ISI25;5;0;0;gr;0;0;0;1
8996006142511;SOSRO TEH BOTOL ORI 250 ML;0;3200;2650;gr;0;0;0;1
8886007811076;SOSRO TEH CELUP BLACKTEA 30'S;0;6000;5400;gr;0;0;0;1
8886007811052;SOSRO TEH CELUP PREM 1x25'S;0;10100;10000;gr;0;0;0;4
8996006856197;SOSRO TEH LESS SUGAR 250ML;0;3000;2700;gr;0;0;0;1
900001;SOUVENIR BOLPOIN SET;1;115000;0;gr;0;0;0;1
900002;SOUVENIR HANDUK;1;55000;0;gr;0;0;0;1
900003;SOUVENIR HOLDER;0;85000;0;gr;0;0;0;1
8993496107051;SOVIA 1L;0;0;0;gr;0;0;0;1
8993496107068;SOVIA 2 LTR;0;0;0;gr;0;0;0;1
8997035563476;SOYJOY RAIS ALM 30GR;9;0;0;gr;0;0;0;1
8997035600430;SOYJOY STRAW 30GR;11;0;0;gr;0;0;0;1
400098;SPICY CHICKEN FROOZENFOOD;0;0;0;gr;0;0;0;1
8998009720611;SPONGEBOB FAN CHOC BANANA 90ML;16;0;0;gr;0;0;0;1
8992761002022;Sprite pet 390 ml;0;4500;4100;gr;0;0;0;1
8992761147143;SPRITE WATERLEMON 425ML;0;4500;3634;gr;0;0;0;1
95506302;STREPSILS MENTHOL 8X2.6G;2;15000;13600;gr;0;0;0;1
95506296;STREPSILS ORIGINAL 8X2.6G;2;15000;13600;gr;0;0;0;1
8993560151041;STREPSILS SG.FREE LEMON 8X2.35G;0;16800;15200;gr;0;0;0;1
8993379500238;Sunco m. goreng 2 L pouch;0;28000;28000;gr;0;0;0;1
8999999059781;Sunlight lime pouch 220/210 ml;0;5100;4600;gr;12;17;0;5
8999999390198;Sunlight lime pouch 755 ml;11;22799;21500;gr;0;0;0;1
8999999048181;Sunsilk shp black 160 ml btl;2;21600;19450;gr;0;0;0;1
8999999406912;SUPERPELL C.ROSE 770ML REFF;2;17500;15650;gr;0;0;0;1
8995163402797;SUS GULA PASIR SACH 100 x 8GR;3;24000;20400;gr;18;26;0;3
400053;SUWIR CIHUUYY EMPAL SUWIR R 200 GR;0;115500;105000;gr;0;0;0;1
400051;SUWIR CIHUUYY PARU SUWIR 125GR;0;77000;67000;gr;0;0;0;1
400052;SUWIR CIHUUYY PARU SUWIR R 125 GR;0;77000;67000;gr;0;0;0;1
007587;SWALLOW SANDAL JPT 10;1;0;0;gr;0;0;0;1
007609;SWALLOW SANDAL JPT 9 1/2;1;0;0;gr;0;0;0;1
8992959956175;SWEETY S PANTS GIRL M-30;1;0;0;gr;0;0;0;1
8992959508992;SWEETY S PANTS L-28;1;0;0;gr;0;0;0;1
8992959508978;SWEETY S PANTS S-32;1;0;0;gr;0;0;0;1
8998866803977;Systema sg smart clean;3;5600;4550;gr;0;0;0;1
8991102384841;TANGO WAF CHOCO 130GR;0;5500;4600;gr;0;0;0;1
8991102320184;TANGO WAF JAVAMOCCA 130GR;0;6000;4400;gr;0;0;0;1
8991102987639;TANGO WAF VANILA 130GR;0;7500;6400;gr;0;0;0;1
8994209000621;TANI MAKMUR BERAS 5 KG;0;49700;47250;gr;0;0;0;1
400110;TEH CELUP GALUNGGUNG HIJAU 25'S;0;0;0;gr;0;0;0;1
8998866610087;TEH JAVANA 350 ML BTL;0;3300;3000;gr;0;0;0;1
8996001600504;TEH PUCUK HARUM MELATI 250ML;0;3200;2900;gr;0;0;0;1
8996001600146;TEH PUCUK HARUM MELATI 350 ML;11;0;0;gr;0;0;0;1
0005000;Telur Asin;53;0;0;gr;0;0;0;1
500001;TELUR AYAM;0;25000;24500;gr;0;0;0;1
500002;TELUR OMEGA;0;3300;3000;gr;0;0;0;1
8997001245887;TERIGU KITA 1 KG;13;9000;8600;gr;19;28.5;0;3
8992931005235;TESSA 2PLY 200'S;0;21500;19500;gr;0;0;0;1
8992931005068;TESSA FAC TISSUE 200'S;0;0;0;gr;0;0;0;1
8992931005013;TESSA GRAFIS N.PARF 225'S;0;17500;15775;gr;0;0;0;1
8992931009165;TESSA TOILET TISSUE 3PLY 8ROL;0;58600;55700;gr;0;0;0;1
8992931001848;TESSA TOWEL TTP-002;3;0;0;gr;0;0;0;1
8995077601514;TICTAC S.PANGGANG 90GR;8;0;0;gr;0;0;0;1
8997225360090;TJAMPOLAY PIS.SUSU 630ML;11;0;0;gr;0;0;0;1
8998898823905;TOLAK ANGIN SOOT+RELIEV 5X2G;0;3000;2500;gr;0;0;0;1
8998898101409;TOLAK ANGIN+MADU 15 ML SACH;0;4500;3041;gr;0;0;0;1
8992936115069;TONG TJI TEH HIJAU 25'S;0;0;0;gr;0;0;0;1
8992936115021;TONG TJI TEH MELATI 25'S;3;10200;9200;gr;0;0;0;1
8996001600641;TORA CAFE CAPPU 180ML;0;0;0;gr;0;0;0;1
8996001600610;TORA CAFE MILKY LATTE 180ML;0;0;0;gr;0;0;0;1
8996001402023;TORA SUSU F.CREAM 31GR;0;2000;1350;gr;0;0;0;1
8996001414002;TORABIKA CAPPUCINO 6 x 25GR;0;9700;9180;gr;0;0;0;1
08996001414002;TORABIKA CAPPUCINO SACHET;0;0;0;gr;0;0;0;1
08998666001306;TORABIKA CREAMY LATTE 25GR;0;0;0;gr;0;0;0;1
8998666001306;TORABIKA CREAMY LATTE 5X25GR;0;0;0;gr;0;0;0;1
8993132500505;TOSCA FACIAL S 200'S;0;9300;8500;gr;0;0;0;1
6922130105117;TOTOLE KALDU JAMUR 200GR;33;0;0;gr;0;0;0;1
6922130105100;TOTOLE KALDU JAMUR 80GR;0;0;0;gr;0;0;0;1
8994391136207;TRICKS KIMCHI 15GR;0;0;0;gr;0;0;0;1
8998009720017;TROPICANA CHOCO VANILA;32;5000;4150;gr;0;0;0;1
749921020680;TROPICANA OAT DRINK;0;8600;7800;gr;0;0;0;1
400011;TYU DRAGONFRUIT 30 GR;0;36000;30000;gr;0;0;0;1
400013;TYU KIWI 30 GR;0;42000;35000;gr;0;0;0;1
400014;TYU MANGO 30 GR;0;42000;35000;gr;0;0;0;1
400012;TYU ORANGE 20 GR;0;36000;30000;gr;0;0;0;1
400015;TYU PINEAPPLE 30 GR;0;33000;27500;gr;0;0;0;1
8998009010620;ULTRA COK 1L;0;0;0;gr;0;0;0;1
8998009010231;ULTRA MILK CHOCO 250ML;11;5200;4750;gr;4;5.5;13;4
8998009011740;ULTRA MILK KARAMEL 200 ML;13;4600;4300;gr;0;0;0;1
8998009010552;ULTRA MILK PLAIN 200 ML;18;0;0;gr;0;0;0;1
8998009010224;ULTRA MILK PLAIN 250ML;0;5200;4750;gr;4;5.5;13;4
8998009010248;ULTRA MILK STRAW 250 ML;14;5500;4917;gr;0;0;0;1
8998009011702;ULTRA MILK TARO 200 ML;21;4600;4200;gr;0;0;0;1
8998009010613;ULTRA PLAIN 1 L;11;0;0;gr;0;0;0;1
8998009040023;ULTRA TEH KOTAK 200ML;0;3500;2925;gr;0;0;0;1
8993560033309;VANISH CAIR 425ML;5;0;0;gr;0;0;0;1
8999999035488;VASELINE HBL HW 95ML BTL;3;24100;22950;gr;0;0;0;1
400029;WANOJA COFFEE ARABIKA KAMOJANG BTL;11;51800;45000;gr;0;0;10;2
400027;WANOJA COFFEE KAMOJANG AVI K;0;69000;60000;gr;0;0;0;1
400028;WANOJA COFFEE KAMOJANG AVI S;0;69000;60000;gr;0;0;0;1
400104;WANOJA COFFEE NATURAL 100GR;0;0;0;gr;0;0;0;1
400106;WANOJA COFFIE 250 GR;0;0;0;gr;0;0;0;1
8999999006204;WIPOL C.PINE BTL 750ML;1;31700;30100;gr;0;0;0;1
8999999407919;WIPOL KARBOL CEMARA 750 ML REFF;2;22500;20250;gr;0;0;0;1
8998288410005;WONG COCO NDC 1KG;10;0;0;gr;0;0;0;1
8992858687101;WOODS LOZENGES ORI 6 S;3;5700;5100;gr;0;0;0;1
8992858688115;WOODS PPR BLACKCURRANT 6S;0;5700;5100;gr;0;0;0;1
8992858688214;WOODS PPR HONEY LEMON 6S;0;5700;5100;gr;0;0;0;1
749921040220;WRP ACTIVE COCO SPLASH 350ML;0;7700;7000;gr;0;0;0;1
8992994110112;YAKULT ISI 5;0;10500;9500;gr;0;0;0;1
400077;YOGHURT ALL CARIAN;0;15000;12600;gr;0;0;0;1
8997009510017;YOU C 1000 LEMON 140ML BTL;0;8700;7800;gr;0;0;0;1
8997009510116;YOU C 1000 LEMON WTR 500ML;0;8800;7950;gr;0;0;0;1
8997009510055;YOU C1000 ORG 140ML BTL;22;8700;6000;gr;0;0;13;4
8997212800028;YUZU GREEN TEA 350ML;0;4000;3500;gr;0;0;0;1
8997212800011;YUZU TEA ORIGINAL 350ML;0;4000;3500;gr;0;0;0;1
8997214240068;ZANANA CHIPS B.BROWN CHOCO 80GR;0;24000;19900;gr;0;0;0;1
8997214240075;ZANANA CHIPS C.MILK 80GR;0;24000;19900;gr;15;20;0;2
8997214240297;ZANANA CHIPS C.TWIST 80GR;0;24000;19900;gr;15;20;0;2
8997214240082;ZANANA CHIPS G.THAITEA 80GR;0;24000;19900;gr;15;20;0;2
8997214240280;ZANANA CHIPS GOCHUJANG 80GR;0;24000;19900;gr;13.5;20;0;2
8992802075022;ZEE STRAWBERRY MILK 200ML;0;3900;3500;gr;0;0;0;1
8999510603004;ZODA 250ML;216;0;0;gr;0;0;0;1
8992694248047;ZWITSAL COL.ALOEVERA 100ML;2;24800;21100;gr;0;0;0;1
